{"groupMotions":[{"x2":539.25,"y2":337.5,"y1":337.5,"x1":156.80000305176}],"tiles":[{"y":337.5,"num":3,"movable":true,"group":1,"x":156.80000305176,"sheet":12},{"y":467.25,"num":2,"x":152.35000610352,"sheet":12},{"y":404.25,"num":3,"x":157.54998779297,"sheet":5}],"lastTrigger":0,"lastGroup":1,"properties":{"nbPieces":1,"nbRings":1,"timeMax":180},"groupDragLines":[],"energies":[]}